CustomerID,CustomerName,Country
1,Julie Ortiz,Paraguay
2,Tara Stewart,French Southern Territories
3,Richard Burns,Tajikistan
4,Tamara Sanchez,Bouvet Island (Bouvetoya)
5,Grace Stanley,Namibia
6,Angel Ayala,Slovakia (Slovak Republic)
7,William Haynes,Pakistan
8,Robert Munoz DDS,Ghana
9,Mark Smith,Tanzania
10,Angela Ferguson,Netherlands Antilles
11,Heidi Richardson,Anguilla
12,Lindsey Sherman,Gibraltar
13,Timothy Flynn,Cyprus
14,Bradley Owens,Mexico
15,Jean Nelson,Congo
16,Philip Vasquez,Brazil
17,Jaime White,Timor-Leste
18,Anthony Rogers,Hong Kong
19,Ryan Banks,Kazakhstan
20,Bill Williams,Palau
21,David Burnett,Malta
22,Keith Bailey PhD,Israel
23,Vickie Molina,Grenada
24,Michael Kelly,Wallis and Futuna
25,James White,Honduras
26,Tommy Smith,Botswana
27,Curtis Dennis,Italy
28,Lisa Clark,Ecuador
29,April Williams,Syrian Arab Republic
30,Zachary Hale,Gabon
31,Mrs. Cindy Lee,Korea
32,Melissa Elliott,Singapore
33,Daniel Bryant,Norway
34,Lori Saunders,Cambodia
35,Ricky Herrera,Belize
36,Mary Sparks,Uganda
37,Cody Torres,Timor-Leste
38,Paul Beck,Nauru
39,James Collins,Libyan Arab Jamahiriya
40,Dana Friedman,Equatorial Guinea
41,Stacey Levine,Qatar
42,Sharon Manning,Vietnam
43,Nancy Snyder,Zimbabwe
44,Pamela Ryan,Sweden
45,Christina Romero,Singapore
46,Kristina Jones,Lithuania
47,Nathan Delgado,Tokelau
48,Ricardo Webb,Mauritania
49,Wendy Caldwell,Cuba
50,Linda Mayo,Honduras
51,Eileen Hutchinson,Philippines
52,Stacey Ware,Sierra Leone
53,Brandi Davis,Bouvet Island (Bouvetoya)
54,Tammy Moon MD,Antarctica (the territory South of 60 deg S)
55,Robert Gordon,Rwanda
56,Michael Herrera,Guatemala
57,Robert Pitts,Bermuda
58,Timothy Poole,Mongolia
59,Eric Lowe,Grenada
60,Brenda Love,Denmark
61,Tina Kennedy,Montenegro
62,Joseph Miller,Sri Lanka
63,Beth Vaughn,Korea
64,Gabriel Dougherty,Slovakia (Slovak Republic)
65,Lacey Lewis,Micronesia
66,Louis Vance,Tuvalu
67,William Pearson,Cambodia
68,James Johnson,Marshall Islands
69,Dr. Lisa Silva,Albania
70,John Brennan,Falkland Islands (Malvinas)
71,Margaret Martinez,Belgium
72,Sarah Freeman,Romania
73,Anna Wilkerson,Falkland Islands (Malvinas)
74,Jonathan Burton,Jersey
75,Amy Gonzalez,Falkland Islands (Malvinas)
76,Mary Perez,Zimbabwe
77,Nathaniel Mcclain,Faroe Islands
78,Eric Valentine,Croatia
79,Brandon Lopez,Mozambique
80,Derek Vargas,Grenada
81,Ricky Smith,Mauritius
82,Susan Martinez,Lithuania
83,Patricia Bailey,Western Sahara
84,Stephen Scott,Djibouti
85,Caleb Davidson,Tajikistan
86,Alexandra Mack,Eritrea
87,Dale Thompson,Senegal
88,Amanda Luna,Botswana
89,Michael Whitney,Isle of Man
90,Brian Cline,Jordan
91,Jordan Strickland,Liechtenstein
92,Douglas Wilson,Reunion
93,James Jacobson,Montserrat
94,Nicholas Williams,India
95,Jill Mahoney,Cameroon
96,Edwin Lara,Falkland Islands (Malvinas)
97,Erik Mcgrath,Equatorial Guinea
98,Cynthia Smith,Saudi Arabia
99,Travis Koch,Nepal
100,Stephanie Davidson,New Zealand
101,John Walker,Bouvet Island (Bouvetoya)
102,Tracy Sloan,Mozambique
103,Karen Brown,Puerto Rico
104,Paul Richardson,Finland
105,Johnny White,Montenegro
106,Patrick Simmons,Djibouti
107,Jeffrey Wilson,Gabon
108,Katrina Harris,Switzerland
109,Ruth Wilson,Netherlands Antilles
110,James Middleton,Guernsey
111,Mary Walsh MD,Gibraltar
112,John Duran,Saint Kitts and Nevis
113,Colleen Graham,Heard Island and McDonald Islands
114,Deborah Rangel,Sweden
115,Dawn Woods,Uzbekistan
116,Mark Keller,Chad
117,Ashlee Castillo,Tajikistan
118,Nicholas Lewis,Pakistan
119,Mary Collier,Macedonia
120,Jason Phillips,French Southern Territories
121,Paige Hammond,Panama
122,Richard Odonnell,Sao Tome and Principe
123,Doris Herring DDS,Kenya
124,Angel Sloan,Guam
125,Caleb Flores,Afghanistan
126,Kelsey Salas,Mali
127,Laura Coffey,Cote d'Ivoire
128,Joshua Herrera,Isle of Man
129,Renee Peterson,French Guiana
130,Dana Molina,Nauru
131,Kenneth Kennedy,Colombia
132,Tamara Taylor,Greenland
133,Tiffany Conley,Saint Helena
134,Stacey Lopez,Sri Lanka
135,Andrew Ramos,Wallis and Futuna
136,Caitlin Stephens,Sao Tome and Principe
137,Thomas Davis,Argentina
138,Peter Ford,Guam
139,Allison Hudson,Cook Islands
140,Julia Chen,Faroe Islands
141,Jessica Castro,Mauritania
142,Brad Ray,Sri Lanka
143,Kara Stanley,Cocos (Keeling) Islands
144,Brad Rodriguez,Montenegro
145,Christopher Kelly,French Southern Territories
146,Jacob Coleman,Senegal
147,Jessica Copeland,Christmas Island
148,Sharon Jackson,Panama
149,Cynthia Davis,Palau
150,Paul Lopez,Holy See (Vatican City State)
151,Joel Wood,Thailand
152,Lauren Edwards,Nauru
153,Daniel Austin,Nauru
154,Ryan Bailey,Saint Barthelemy
155,Melvin Clark,Latvia
156,Melinda Miller,American Samoa
157,Crystal Spears,Israel
158,Alex Rodriguez,Portugal
159,Jennifer Stone,Saint Kitts and Nevis
160,Clayton Tran,Trinidad and Tobago
161,Alicia Perkins,Kenya
162,Kimberly Barber,Indonesia
163,Cody James,Saint Helena
164,Michael Cunningham,Jersey
165,Lori Roberts,Benin
166,Susan Fritz,Belize
167,Jason Miller,Mali
168,Michele Kramer,Kiribati
169,Juan Combs,Falkland Islands (Malvinas)
170,Danielle Ross,Canada
171,Thomas Navarro,Djibouti
172,Michael Rogers,Cameroon
173,Hayley Hart,Cook Islands
174,Mary Johnson,Mauritania
175,Carlos Wilson,Botswana
176,Kayla Johnston,Austria
177,Kelsey Oneal,Guyana
178,Theodore Price,Papua New Guinea
179,Melvin Garza,French Southern Territories
180,Judy White,Reunion
181,Julie Osborne,Honduras
182,Alexander Perez,Turkmenistan
183,Wayne Williams,Gabon
184,John Shields,Luxembourg
185,Mr. Dylan Wang,Korea
186,Kelly Sanders,Kyrgyz Republic
187,Hannah Guerrero,Micronesia
188,Devin Hudson,Poland
189,Elizabeth Williams,Tunisia
190,Nathan Hernandez,Sierra Leone
191,Eric Frank,Solomon Islands
192,Terri Martinez,Kazakhstan
193,Michelle Henderson,Mauritania
194,Thomas Kline,Macao
195,Robert Moore,Paraguay
196,Gabriella Mccall,Burundi
197,Heather Lang,Qatar
198,Christine Hood,Congo
199,Brandi Morris,Belarus
200,Devon Mcconnell,Aruba
201,John Yates,El Salvador
202,Jason Beck,Timor-Leste
203,Wesley Castro,Ukraine
204,Victoria Wheeler,Russian Federation
205,Gabriel Parker,Cayman Islands
206,Colton Jones,Thailand
207,Jeremy Maddox,Afghanistan
208,Robert Webb,Iceland
209,Joel Thompson,Micronesia
210,Patrick Acosta,Paraguay
211,Alex Flynn,San Marino
212,Taylor Patterson,Nauru
213,Sarah Larson,Andorra
214,Joseph Martin,Montenegro
215,David Ramos,French Guiana
216,Kristin Keith,Western Sahara
217,Gary Robinson,French Polynesia
218,Rebecca Deleon,Switzerland
219,Jeremy Woodard,Haiti
220,Andrea Evans,Russian Federation
221,Clayton Myers,Dominican Republic
222,Lori Monroe,Suriname
223,Sean Spencer,Peru
224,Raymond Ward,Monaco
225,Hailey Mitchell,Sao Tome and Principe
226,William Mckee,New Caledonia
227,Patrick Rosales,Korea
228,Benjamin Sanders,United States Virgin Islands
229,Teresa Keller,Sierra Leone
230,Donna Huffman,Sierra Leone
231,Sara Price,France
232,Gerald Barnes,Cayman Islands
233,Beverly Ellis,Bulgaria
234,Alex Serrano,El Salvador
235,Alvin Mendez,Holy See (Vatican City State)
236,Gabriel Farmer,Liberia
237,Tyler Barajas,Azerbaijan
238,Laura Turner,Norfolk Island
239,Rachel Wells,Netherlands Antilles
240,Todd Barber,Panama
241,James Mckenzie,Jersey
242,Courtney Wright,United States of America
243,Sherri Shaw,Marshall Islands
244,Justin Lewis,Puerto Rico
245,Michael Clark,Kenya
246,Amy Trujillo,Swaziland
247,Bonnie Walker,Saint Kitts and Nevis
248,Jason Williams,Greenland
249,Amanda Sanders,Pitcairn Islands
250,Joseph Melendez,Papua New Guinea
251,Lisa Klein,Malawi
252,Laura Kim,France
253,Cheryl Gray,Belize
254,Julie Serrano,Estonia
255,Robert Olson,United States of America
256,Sarah Daniel,Qatar
257,Stephanie Jordan,Czech Republic
258,Nancy Davis,San Marino
259,James Williams DDS,Niue
260,Anthony Mack,Dominican Republic
261,Tyler Bradford,Mauritania
262,Amy Greene,Latvia
263,Tina Frank,Russian Federation
264,Nancy Hamilton,Nauru
265,Courtney Terry,Argentina
266,Jennifer Martinez,Jordan
267,Logan Ho,Belgium
268,Nancy Carr,Nauru
269,Kristin Guerrero,Hong Kong
270,Alexander Watts,Zimbabwe
271,Denise Flores,Turkey
272,Maria Martin,Macedonia
273,Craig Dillon,New Zealand
274,Kyle Garcia,Ethiopia
275,Dwayne Jones,Latvia
276,Lisa Clark,Holy See (Vatican City State)
277,Julian Perez,Uganda
278,Karen Wilson,Tokelau
279,Christopher Atkinson,Lesotho
280,Cynthia King,Saint Pierre and Miquelon
281,David Garza,Ireland
282,Caleb Donovan,Gambia
283,Jeffrey Hines,Estonia
284,Brittany Mullen DDS,Guinea-Bissau
285,Brittany Jensen,Egypt
286,Gloria Kim,Lithuania
287,Nicholas Harris,Georgia
288,Lisa Rodriguez,Russian Federation
289,Kathryn Drake,Canada
290,Erika Rhodes,Turks and Caicos Islands
291,Wesley Washington,Pitcairn Islands
292,Christian Lara,Tajikistan
293,Michelle Lee,Denmark
294,Jessica Schneider,Morocco
295,Jacob Bates,Cuba
296,Benjamin Pacheco,Christmas Island
297,Michael Cortez,Bhutan
298,Nicole Lawson,Honduras
299,George Matthews,Zimbabwe
300,Christopher Mejia,Grenada
301,Brandi Hayes,Jordan
302,Ryan Williams,Vanuatu
303,Lauren Brown,Wallis and Futuna
304,Isaac Aguirre,Panama
305,Victor Carney,Cocos (Keeling) Islands
306,Holly Barron,Guernsey
307,Michael Liu,Georgia
308,Amber Lindsey,Korea
309,Jonathan Johnson,Malawi
310,Gloria Patel,Canada
311,Charles Rodriguez,Zambia
312,Kimberly Anderson,Gabon
313,Amber Davis,Palestinian Territory
314,Kayla Fuller,Bolivia
315,James Murphy,Philippines
316,Glenn Jackson,Barbados
317,Judy Dickson,Ghana
318,Lisa Calhoun,Luxembourg
319,David Ramirez,Korea
320,Robert Romero,Portugal
321,John Hopkins,Mozambique
322,Nancy Marshall,Romania
323,Jason Pope,Latvia
324,Jon Davis,Hungary
325,Andrea Hall,Lesotho
326,Amanda Brewer,Philippines
327,Grace Bell,Guinea
328,Bethany Byrd,Nigeria
329,James Miller,Tanzania
330,John Perez,Martinique
331,Dr. Benjamin Moore,Sierra Leone
332,Sherri Bird,Armenia
333,Kyle Smith,American Samoa
334,Theresa Welch,Ghana
335,Tyler Harris,Bangladesh
336,Stacy Torres,Egypt
337,Terry Sweeney,Bouvet Island (Bouvetoya)
338,Sharon Johnson,Greenland
339,Corey Young,Qatar
340,Kevin Barker,Saint Lucia
341,Margaret Brown,South Africa
342,Carrie Ortiz,Lao People's Democratic Republic
343,Seth Taylor,Haiti
344,Kathleen Velez,Cuba
345,Joshua Simon,Hong Kong
346,Lindsay Hill,Korea
347,Patrick Kerr,United Arab Emirates
348,Jennifer Jensen,Dominica
349,Alejandro Shepard,Russian Federation
350,Laura Davies,Ghana
351,Jeffrey Holmes DDS,Swaziland
352,Brian Perez,South Georgia and the South Sandwich Islands
353,Lisa Miles,Guatemala
354,Michael Parks DDS,Gabon
355,John Pacheco,San Marino
356,Audrey Patel,Hungary
357,Nicole Kennedy,Brazil
358,Kayla Thomas,Tanzania
359,Daniel Rivera,Albania
360,Ryan Cox,Serbia
361,Evan Williams,Algeria
362,Brandon Cline,United States Minor Outlying Islands
363,Angela Estes,Pakistan
364,Belinda Perkins,China
365,Jessica Robinson,Kyrgyz Republic
366,Christine Miller,Monaco
367,Lisa Porter,Rwanda
368,David Bates,Malta
369,Tina Mclaughlin,Uruguay
370,Kevin Anderson,Ukraine
371,Melissa Hunt,Taiwan
372,Denise Kidd,India
373,Lauren George,Montserrat
374,Caleb Reese,Palau
375,Timothy Romero,Croatia
376,Melissa Gordon,Jamaica
377,Cynthia Ryan,Finland
378,Kimberly Ortiz,Bermuda
379,Marc Cooper,Afghanistan
380,Danny Branch,Lesotho
381,Shannon Hamilton,French Southern Territories
382,Scott Solomon,Bangladesh
383,Jason Wilson,Gambia
384,Adam Atkins,Guam
385,Jessica Ramos,Sao Tome and Principe
386,Bruce Love,Turkmenistan
387,Daniel Barker,Bouvet Island (Bouvetoya)
388,Dana Smith,Swaziland
389,Samantha Strickland,Malaysia
390,Karen Bruce,Turks and Caicos Islands
391,Dakota Horn,United Kingdom
392,Amanda Sullivan,Korea
393,Michelle Cannon,Slovenia
394,Matthew Rojas,Romania
395,Kathleen Lawson,Cameroon
396,Dawn Rivers,Trinidad and Tobago
397,Sarah Moore,Antarctica (the territory South of 60 deg S)
398,Thomas Richards,Saint Pierre and Miquelon
399,John Dunlap,Dominican Republic
400,Adam Hayes,Cyprus
401,Tracy Grimes,Togo
402,Barbara Johnson,Seychelles
403,Ernest Pierce,Senegal
404,Allison Johnson,Guatemala
405,James Mcmahon,Rwanda
406,Jeffrey Castillo,Bosnia and Herzegovina
407,Matthew Mosley,Rwanda
408,Misty Rice,Guatemala
409,James Heath,Dominica
410,Alyssa Nelson,Rwanda
411,Joshua Foster,Georgia
412,Kimberly Edwards,Canada
413,Frederick Mcclure,Eritrea
414,Timothy Cruz,Holy See (Vatican City State)
415,Emily Thomas,Liberia
416,Abigail Schmidt,Mozambique
417,Jennifer Jordan,Tajikistan
418,Melissa Rice,British Virgin Islands
419,Olivia English,Bolivia
420,Carrie Brown,Macao
421,Beth Shea,Saint Martin
422,Eric Nelson,Sao Tome and Principe
423,Lisa Bell,Chad
424,Eric Williams,Oman
425,Taylor Allen,Israel
426,Charles Barton,Nepal
427,Jennifer Barber,Sweden
428,John Parks,Philippines
429,Nicole King,Libyan Arab Jamahiriya
430,Sarah Franklin,Germany
431,Omar Robinson,Holy See (Vatican City State)
432,Elizabeth Goodman,Indonesia
433,Cynthia Anderson,Dominican Republic
434,Mark Clark,Hungary
435,Mark Nichols,Madagascar
436,Kelly Hart,Angola
437,Blake Johnson,Spain
438,Margaret Sanford,Chile
439,Matthew Peterson,Kyrgyz Republic
440,Daniel Elliott,Gabon
441,Frank Brown,Falkland Islands (Malvinas)
442,Karen Rivera,Chad
443,James Jones,French Polynesia
444,Dawn Phillips,Myanmar
445,Amanda Carpenter,Papua New Guinea
446,Gary Griffin,Russian Federation
447,Kristin Christensen,Oman
448,Kelsey Jackson,Gambia
449,Christopher Contreras,Guadeloupe
450,John Ramos,Mexico
451,Sheryl Ramsey,Zimbabwe
452,Sandra Fitzpatrick,Lesotho
453,Cynthia Williams,Tokelau
454,Rebecca Bright,Kazakhstan
455,Amanda Wallace,Ireland
456,Monique Kelley,Ethiopia
457,Martha Smith,Guernsey
458,Crystal Day,Taiwan
459,Brittany Blanchard,Botswana
460,Brittney Bond,Isle of Man
461,Bernard Patterson,Papua New Guinea
462,David Perry,Lithuania
463,Wendy Anderson,United States of America
464,Rose Pham,Mayotte
465,Antonio Wheeler,Azerbaijan
466,Robin Rivera,Kyrgyz Republic
467,Holly Strong,Tanzania
468,Robert Mccormick,France
469,Shannon Moon,Latvia
470,Danielle Hall,Guinea
471,Larry Rodriguez,Wallis and Futuna
472,Sean Bennett,United States Virgin Islands
473,Rhonda Walters,Rwanda
474,Christopher George,Syrian Arab Republic
475,Allison Smith,India
476,David Evans,San Marino
477,Scott Howard,Mayotte
478,Brianna Sutton,Ghana
479,Tonya Larsen,Kyrgyz Republic
480,Alyssa Hudson,Antigua and Barbuda
481,Alexandra Bowman,Portugal
482,Jessica Davis,Fiji
483,Shannon Richard,Marshall Islands
484,Robert Freeman,South Georgia and the South Sandwich Islands
485,Billy Johnson,Cook Islands
486,Joyce Osborne,Hong Kong
487,Benjamin Holder,Somalia
488,Brenda Carter,Iran
489,Miranda Gross,Tunisia
490,Jennifer Allen,Costa Rica
491,Taylor Frost,Puerto Rico
492,April Clark,Slovakia (Slovak Republic)
493,Alexander Shaw,Bermuda
494,Martin Villarreal,Guinea
495,Paul Martinez,Syrian Arab Republic
496,Linda Shaw,Bhutan
497,Jennifer Haynes,Portugal
498,Tracy Chavez,Saint Vincent and the Grenadines
499,Michelle Williams,Bahrain
500,Samuel Cardenas,Mexico
